id;product_name;supplier_id;category_id;unit;price;description;imageurl
1;Chais;1;1;10 boxes x 20 bags;34;"";http://noitrotaigia.com/wp-content/uploads/2016/09/cong-thuc-nuoc-ep-ngon-le-dua-chuot-8.jpg
2;Chang;1;1;24 - 12 oz bottles;19;;http://i287.photobucket.com/albums/ll138/thienthannho_2008/Mam%20mam/Cocktail/cocktail2.jpg
3;Aniseed Syrup;1;2;12 - 550 ml bottles;10;;https://vietblend.vn/wp-content/uploads/2018/12/do-uong-da-xay.jpg
4;Chef Anton's Cajun Seasoning;2;2;48 - 6 oz jars;22;;https://encrypted-tbn0.gstatic.com/images?q=tbn:ANd9GcQ7habRNheiKpmCQb1sbkMtmfcCMkxmFhxr1NwJluOLjbY98vLPFA
5;Chef Anton's Gumbo Mix;2;2;36 boxes;21.35;;https://znews-photo.zadn.vn/w860/Uploaded/qhj_pwqvdvicbu/2019_03_01/levinhhihi.jpg
6;Grandma's Boysenberry Spread;3;2;12 - 8 oz jars;25;;http://afamilycdn.com/2018/photo-1-1515053364616-1515059407207.jpg
7;Uncle Bob's Organic Dried Pears;3;7;12 - 1 lb pkgs.;30;;https://img.scoop.it/zGxMvpIPPUYFBAMGZW8uhzl72eJkfbmt4t8yenImKBVvK0kTmF0xjctABnaLJIm9
8;Northwoods Cranberry Sauce;3;2;12 - 12 oz jars;40;;https://znews-photo.zadn.vn/w660/Uploaded/wyhktpu/2018_11_08/image001_10.jpg
9;Mishi Kobe Niku;4;6;18 - 500 g pkgs.;97;;http://media.anhp.vn:8081/files/nganpham/NGAN_1231508115549.jpg
10;Ikura;4;8;12 - 200 ml jars;31;;https://www.bookin.vn/content/images/uploaded/bookin.vn.mon-cayhq1.jpg
13;Konbu;6;8;2 kg box;6;;http://www.halong.org.vn/wp-content/uploads/2016/11/haemultang-lau-hai-san-dam-da-cua-nguoi-han-quoc.jpg
14;Tofu;6;7;40 - 100 g pkgs.;23.25;;https://baomoi-photo-1-td.zadn.vn/w700_r1/2018/09/09/348/27649490/0_97895.jpg
15;Genen Shouyu;6;2;24 - 250 ml bottles;15.5;;https://dayphache.edu.vn/images/phachetonghop/thanh-pham-do-uong-cua-hoc-vien.JPG
16;Pavlova;7;3;32 - 500 g boxes;17.45;;http://3.bp.blogspot.com/-vSt__uGRok4/VMoAGqpm_RI/AAAAAAAABkc/DUbxWSRimJg/s1600/14.jpg
17;Alice Mutton;7;6;20 - 1 kg tins;39;;https://chupanhmonan.net/wp-content/uploads/2015/05/chup-anh-mon-an-food-photography-12.jpg
18;Carnarvon Tigers;7;8;16 kg pkg.;62.5;;https://www.iunauan.com/images/500x-1/anh1-iunauan.com-eqfswc785290000.jpg
19;Teatime Chocolate Biscuits;8;3;10 boxes x 12 pieces;9.2;;https://merrychristmas.vn/uploads/2014/12/banh-giang-sinh-7.jpg
20;Sir Rodney's Marmalade;8;3;30 gift boxes;81;;http://joschicake.com/wp-content/uploads/2018/07/red-velvet2.jpg
21;Sir Rodney's Scones;8;3;24 pkgs. x 4 pieces;10;;https://encrypted-tbn0.gstatic.com/images?q=tbn:ANd9GcQb69Mi5xJRMoILFexe3X_YNKvtfxbMKYzQYBwDbykDHLVmHwHLbg
22;Gustaf's Knäckebröd;9;5;24 - 500 g pkgs.;21;;https://monngonmoingay.com/wp-content/uploads/2015/08/9.banhmikepgakhia1.png
23;Tunnbröd;9;5;12 - 250 g pkgs.;9;;https://media.cooky.vn/recipe/g1/6680/s800x500/recipe6680-636416901477509716.jpg
24;Guaraná Fantástica;10;1;12 - 355 ml cans;4.5;;https://www.chudu24.com/wp-content/uploads/2018/06/ly-thuy-tinh-quai-350ml-3.jpg
25;NuNuCa Nuß-Nougat-Creme;11;3;20 - 450 g glasses;14;;https://daylambanh.edu.vn/images/congthuclambanh/cach-lam-banh-quy-cookies.jpg
26;Gumbär Gummibärchen;11;3;100 - 250 g bags;31.23;;https://media.cooky.vn/recipe/g3/22879/s800x500/recipe22879-636440066111457253.jpg
27;Schoggi Schokolade;11;3;100 - 100 g pieces;43.9;;http://image-us.24h.com.vn/upload/4-2016/images/2016-12-08/1481179252-banh-quy-vong-matcha-giang-sinh7.jpg
28;Rössle Sauerkraut;12;7;25 - 825 g cans;45.6;;http://media.dulich24.com.vn/bai-viet/diem-den-hap-dan-o-ben-tre-26013004/nhung-mon-ngon-noi-tieng-ben-tre-6.jpg
29;Thüringer Rostbratwurst;12;6;50 bags x 30 sausgs.;123.79;;http://media.dulich24.com.vn/bai-viet/5-mon-ngon-xu-lang-lam-say-long-du-khach-40024856/5-mon-ngon-xu-lang-lam-say-long-du-khach.jpg
30;Nord-Ost Matjeshering;13;8;10 - 200 g glasses;25.89;;https://media.cooky.vn/recipe/g2/13032/s800x500/recipe13032-636433116993070346.jpg
34;Sasquatch Ale;16;1;24 - 12 oz bottles;14;;https://encrypted-tbn0.gstatic.com/images?q=tbn:ANd9GcTlBJb7Lip47J0Qu63pFPV0n7BSUXepG-y3XiH9ST5Nb1ePY0Jh
35;Steeleye Stout;16;1;24 - 12 oz bottles;18;;https://pastaxi-manager.onepas.vn/content/uploads/articles/vuonghoai/tong-hop-sinh-to-rau-cu/nuoc-ep-5.jpg
36;Inlagd Sill;17;8;24 - 250 g jars;19;;http://media.songkhoe.vn/medias/songkhoe/archive/images/2016/05/22/150553_ca-chep.jpg
37;Gravad lax;17;8;12 - 500 g pkgs.;26;;https://znews-photo.zadn.vn/w660/Uploaded/Ohunoaa/2015_02_10/4.jpg
38;Côte de Blaye;18;1;12 - 75 cl bottles;263.5;;https://media.cooky.vn/recipe/g2/16934/s400x400/recipe16934-635979775269411988.jpg
39;Chartreuse verte;18;1;750 cc per bottle;18;;http://dumihouse.com/upload/sanpham/i-duong-4138.jpg
40;Boston Crab Meat;19;8;24 - 4 oz tins;18.4;;https://stix.vn/wp-content/uploads/2016/04/img_home_booking_space.jpg
41;Jack's New England Clam Chowder;19;8;12 - 12 oz cans;9.65;;https://bantindulich.vn/wp-content/uploads/2018/12/so-veo-nuong-mo-hanh-thom-nuc.jpg
42;Singaporean Hokkien Fried Mee;20;5;32 - 1 kg pkgs.;14;;https://media.cooky.vn/recipe/g4/31989/s800x500/cooky-recipe-636638132919530406.png
43;Ipoh Coffee;20;1;16 - 500 g tins;46;;https://encrypted-tbn0.gstatic.com/images?q=tbn:ANd9GcSHrMHdU4nSpGrJQWRAWj5_LBYP2df1olVGgfuZIl33pz7483S8SQ
44;Gula Malacca;20;2;20 - 2 kg bags;19.45;;http://hong3ly.com/images/Hinh%20Mach%20Nho/Mocktail/hong3ly_mocktail_lac_tien.jpg
45;Røgede sild;21;8;1k pkg.;9.5;;https://chatbbq.com/wp-content/uploads/2019/01/Mi-xao-hai-san-thom-ngon.jpg
46;Spegesild;21;8;4 - 450 g glasses;12;;http://8monngonmoingay.com/wp-content/uploads/2016/01/cach-lam-muc-nuong-chao-dam-da-am-thuc-nam-bo.jpg
47;Zaanse koeken;22;3;10 - 4 oz boxes;9.5;;https://kenhphunu.com/media/tintuc/1442941200/huong-dan-lam-banh-ran-xep-tang-dep-mat.png
48;Chocolade;22;3;10 pkgs.;12.75;;https://phunutieudung.com.vn/wp-content/uploads/2017/06/cach-lam-banh-bao-chien-ngon-mieng-dep-mat-lai-de-thuc-hien.jpg
49;Maxilaku;23;3;24 - 50 g pkgs.;20;;https://encrypted-tbn0.gstatic.com/images?q=tbn:ANd9GcTogc8YM9rhSkiGgVyDAsSLSH8Jblup_B94LdyJQBG_O6Cfaz_8Ww
50;Valkoinen suklaa;23;3;12 - 100 g bars;16.25;;https://kenh14cdn.com/2018/5/10/banh-bao-1-15259282299671476625444.jpg
51;Manjimup Dried Apples;24;7;50 - 300 g pkgs.;53;;https://media.laodong.vn/storage/newsportal/2018/1/12/586150/Trua-Nay-An-Gi.jpg
52;Filo Mix;24;5;16 - 2 kg boxes;7;;https://vntrip.cdn.vccloud.vn/cam-nang/wp-content/uploads/2017/10/Capture-44.png
53;Perth Pasties;24;6;48 pieces;32.8;;https://anh.24h.com.vn/upload/3-2017/images/2017-09-19/1505816947-mon-ga-chua-xuat-tinh-som-1-1504600548396.jpg
54;Tourtière;25;6;16 pies;7.45;;https://mav.vn/wp-content/uploads/anh-1_xaqt.jpg
55;Pâté chinois;25;6;24 boxes x 2 pies;24;;http://zone8.vn/wp-content/uploads/2017/03/27012.jpg
56;Gnocchi di nonna Alice;26;5;24 - 250 g pkgs.;38;;http://hoiquanamthuc.com/wp-content/uploads/2015/10/banh-cha.jpg
57;Ravioli Angelo;26;5;24 - 250 g pkgs.;19.5;;https://toinayangi.vn/wp-content/uploads/2014/12/hamburger-bo.jpg
58;Escargots de Bourgogne;27;8;24 pieces;13.25;;"data:image/jpeg;base64,/9j/4AAQSkZJRgABAQAAAQABAAD/2wCEAAkGBxQTEhUTExMWFhUXGBgYGBgYGRodHRsYGBgXGBsXHx8aHyggHx8lIBUYIjIhJykrLi4uHSAzODMtNygtLisBCgoKDg0OGxAQGy0mICYvLTAtLS0tLS0tLTAtLS0tLS0tLy0tLS0tLS0tLS0tLS0tLS0tLS0tLS0tLS0tLS0tLf/AABEIALkBEAMBEQACEQEDEQH/xAAcAAACAwEBAQEAAAAAAAAAAAAEBQMGBwIBAAj/xABBEAABAgQEBAMGBQMDAwMFAAABAhEAAwQhBRIxQQZRYXETIoEHMkKRobEjUsHR8BRi4TNy8RVTgiTC0kNjc5Ky/8QAGwEAAgMBAQEAAAAAAAAAAAAAAwQAAQIFBgf/xAA4EQACAgEDAgQDBwQCAgIDAAABAgADEQQSITFBEyJRYQVxgTKRobHB4fAUM0LRI/FSYjRDBiRy/9oADAMBAAIRAxEAPwBZlvs0cieqnGUA84kk5UYkqDz5l9Y0BKJgkyrQ7EhxsLmCCpjANqKx1M9p0zJpyy0FuZ0gy0ActFLNZnhIXS8OpN5nmI1J/aDZx0iJyxyZ0KRElRKQBeLlSfxlKI2BD/LlFSQVKCoc7tq1nuY0BmQcziuQglgbDmIyzZ4nb0mnCL5hyYCqlHL5GM5jBUdY04f4WqapTSUkJe8xVkj13PQRYGYtdbXUPMfpNX4Z4IkUoClnxpupWsWB/tToO9z1ggXE4195sPAwI8qq9KbC5jcCBFFRUqXqbRJcrXEnFUqkDf6k3ZAOnVR2EYZgJkmScAcZIqleHNKETnLJBcKT0fccopXzwZWZpMpdo3LkuYaxJMRJjHEUqUF5VIUZYzTHWEpQnmpVwCdk6mBNbjheTKlNpuP1zZqUJkoAJZwoqd7p0DgEdLQsurcn7MknxXiUeGiZOleHLdQWldyS5lhIABJDkl2Zg8ba/JzjgQ1dTPwOsovFcvDZkszJBmSZ2yEh0q7vp3+kRbq1XyiZdShwesrVTgdRLlpnKlKVLUHC03Hq2nrB1O4ZEoGAlb7+kalz0SSA/wCoiSYkaUPaJKk5psrAht77xJeJIfdYfM8okudSZoDAG/3P6RUgM6XULfUJPXftExJkz6ZOPM9d+5iSTgTLuyX6iLklsJ5Ryp6WAVFQlJZ7naCJUzdICy9K+pk1NInTASEBID3WWfsIONOO5iZ1x7CQrwyYZiUzFsk3OQbdzBFrVYvZqbH4jpcmTKRlloBIa/Xm8bgIrm4mpBGRrA6c3iSp7LWuYHc35faJJJkYOsh1qyh35kiLkhK6dLpCLAWvqxiAZki6qp8jhJLuXMUz9hOro9Jgb26zihw2bPXkkoK1ch+p0A6mMDmPvYtYyxxNF4c9nKEMurImK/7afcHc6q+g7wVU9Zx9R8QLcV8D1l1XNRKSEgBIAYJFm9IJOccscmK6rEFKsLCKlgSu43xDT0oedMAOyRdR9IyWAkJxM34g9pcyY6JA8JPN/Mf2jBZjMFpWKaiqKgulExbnVi1+phZ760+0whE091h8qmP8D4LqZhzoUhGVVlZjmBG4Av8AUQjb8RrXgAkxs/CrkbFhA/GatS11ZIkCWVTJy9pmRD9iD94DX8XsIPiLj0/ePUfD9PnzP9/7RLhwrlk/1U99wksb+gAEc/W6wXHAJJ+ZnVevSov/ABL9YFxZQVM2SZctaVSCpKygM4WHBc6td2h3S6tUpCMcZ/OcLVaWyy7yiLuG6ZcgslYlo+NfWxDa2DM77ww+rVOUOTKX4XcDtMseIyPFVmkzpebzFeZyzgAMBZms1teeqVdhuy1xI9AO06FdbUAKF+vrK3T4QF1CRUIACUt5dCq4zPq1nZos3hEIQn9YV9OrEWMBul4w8qQsyUjyJDJf8u0df4dqfETYeo/EdjOLq9PsIcdD+EDxvgSlqXIHgzD8UvQnqnQ/eOliJTP8Z4Hq6Z1ZBPlj4pYLgcynUejxnEvMrni7P9BEl5nyqpRsTyiSZnoVu/eJJO5AAIUdXs0SSFzEBYDs4D6tElyBCDqzjs30iSSGahb5iGTszfxokrmXqiwCbOusmWnRrFR59hAUqVY7dqnfgcCMZGCyJD5UurXMbq+sEi0Gr6twPJZ4qSLv6grBBISoXS1/52iSTmTRsQskgNodCYkkklUYOiRzF4kkJlUxGqsoGwiST0TMqnF30vqIsDMqD1k7OoJQFFRsAAX7ADUxGcDgTp6bSbf+SyWjh3gCatl1KzLT/wBsMVnudE/U9opa89ZL/iKrxXz7y/0dHJp0ZZaEoT01PUnUnqYKABOTZY9hyxzBqrEdk/OJKCyrY/xPT01500ZjogXUfQfeKLASEgSg1/G1VWFaKOWZaEjzLZ1AOwciySX01ha7ULWuTGNJpX1VmxCB7mLqXgeomqC1IXMKrkqfXq9z9Y5zfEFPCdfYZnoqvhXw+g/8z7j+EsaMBRLSlTENZmDANfbm/wA45L6wWZA6/WdBPDzsVVx24ha8dlBkhyofDcP/APqHgNOksL7iOJDpHHWOsF8JSQsBSHDgLv8AaF7Qu/DNjH1ES1PiA7Tz8pHOVWOTLqEJQm+VQDGxt5tR2hujUBE25z9fyBk2aUgBkOf56QqXLqZiWmpkljYy2f1u0DvffgIo/CCzRWfIW+s4rq8oDLpJeTcvq3/EFDIQB4YB+R/ORKgxytpzPpa6SpRk8PwjrqwPqP1g7+A48p2H3gidRS2Sd0jkcKSvezDpd/1gVdV1i5LDHtzNP8QbOCP0ipVCmUvKhOUguNbmAtY+TuPSHD+IuWjhVepSPdZY0v8ASDaXWFGAP3xK6gHOOk74exNa53hTElJZw/SPUUXb5yLqtozLgKeGorEGPcHUtU5mSgF/9xHlV8xr6vExJM7xz2Yz5TqkET0/lLJWPn5T9O0ZxLzKXU06kKMtSClY1SoEKHVjt1ipqSpISADcdP3iST2ZIzJBbXRv59Ykk6lpKLKCtNe8SXOawFvKddR9/vElTWVTMt0mxEYm4rxCqzHynne2wdouXF6KWYsl/dO3Mc4qScmhAYOEpG51Be0SSTT5FnbNoHe3fpEknyJmUaAHluP+Ykk5z5gSnUXc7307xYGZUcYXwnPqVZv9KWfjO4/tTv3sO8aIPQRip66hubluwl9wTh+RSp/DT5t5irqPrt2DCLVQIC7U2WnzHj0hFTiAFk3MXmBAlQ4k4xp6Z/Gmuv8AIm6vkNPWMlhLyBM9q+Mq2uX4VInwEH4zqBzKmZPYXhW/VJUu5zC002XNtQfWFYT7OfEIWtapzqGYuR6m5UY5X9ffd/bGB69Z1l0Glo/vEk+nQfz6y54Vw/Mpx4cuUEIF2ALE68g/eOVqab3cltx98H7o142mCAJx90lxNU8otOUghQIYM7bdu8Zo1zKGFnX3m6Vo3crkH3nNLO8qUTvxFbqNiX7BoUe1WbcV4+6aevktXxIMSwCnmrzpl5NCpIJCVEWDh+TuzPvD9nxbcBsGPb1kp1N1a4Y59D3EDlploTl8UAAs1wCTs42hVfEd9+2NMzk528ySdh0xas2ceD8KUEkN1e7we7YBmtOvf+frBpqa1HTzd8zpOYKAQ7szdBd4VGXAGIN2DDmR4hUpUjLMzKPLQHoWLiDV/UHt/wBTVVDKcjEmkKlrlOhOVX5f5rENO4ccmBfdW/mPEWf1qpfmzEgehB/WN17gw2cGbaoWnGJ9h/FEifN8JUtRUPisBbq8dN9OrKHdefYwD6e2kZDcRvWyiAnwklX39OcI26Nd4VciShw2d5iWdjX4alBSkqTZrJUFX3PY6RvTpbU+FPEcGkUuNygyam4wrpUuWuapK0FQDhAcj+42b5DaOwmts6joPWL2fDNK7MFyD1/6mkorkKZiL6R2AQRkTy5UjgyUy30i5mLMZwORUoyVElExP9wuOx1HpEkma4/7ImJXRTyn/wC1NJKewULj1B7xWJoNzkzOcZoa6i8tRKUm9lEApPZQt6O8TEvPHvBJeOKCu2vyisTXG7HaEf8AXU65CL89esTEzny5muzXVYJOUWc7P+kDhJCZQlq0Afldn2iSTozyQUuBZ31I6nlEkitdSLLOtweRZmYc2iSTiTWlRZIUE6fvElR3hmDTKi0tAP5ln3Qe7X9IsDMokCXjBuFZUkBS2mTNSSLPzCdH6wQcQZYmNamtSnqYkrEpXEfHtPJcKmZ1j4Jdz6nQepjBcCTcBMzxvjqrqj4coeClVglDlaumbX5CBNZIpd22qJ7wjwWmbMCq2Z4aV3SjMM8wvfMX8ouP7r7Rz7tYOiffjj+fhOjV8Lu2l3U8dv8Ac1RHDtIglKFEMEpCBoAAwAhDU1Uk7S/m/H+GP16q9UACgKJJJwh0gy1MkXdLh+jAwrTpmIJByO+Ovy6zTavDecc+8glypqAfEmFT2IDgAev3hR7X3bE3fiYQtU+NigfdIaqumKbwlImIcApJu1twCbXhlAtqFLSR0xnGZtKUT7YIPrPVmWkh0KzKGxTYjb7bwFNHWyZ3H7xiTNh6EYnwVJWzqUBuFAEOebH+NE20qQBx9x/KUfGTPA+kixGUlIKcqVNokDUjT7wFt6vtJ+ZmqrGbnMTzJykDLMmGSpQcBOmXkWs/rDKkbc1jd9f0hNqk56/OCrxNdMfeTNzc7H5j9otaEu5IxNeHvHpG8qYJwDN4mhT2/T0gB0zK21ckwRfw+vT1g8+kmIc5DZ9bRe3acPxGEsqfjMXy8WVfOjMlIcvdu5EMmotg5hG0yD7JwTPJFClYKpiEJLOCkeYl/wBHPWKLkEhWOB2MG7c4TJHvGFGpclglWZvzfbnF165lPPSLPSlnJGIdLkyKiYFTkjxGYAm3oNPWGKbxa53GYLXUpis8RdiXDTFSyoqSXISmwDDy2JZn+VyI01pRsHp7RqrW7lCgYPvBzVTEEXIIbQ2jo6O/KCcbV1L4hxNHwGu8SWlXMR1wciclhgxvlBi5mRTaXlEkgVRS5gUrSFJOoIcHuDEklB4h9lFHPzGSDTLP5Lofqg2bokiJLzxiZpj/ALM66mLhAnyh8Uq5bqj3vk46xR4E2mGYA9JotdWOMrE3DdRrApuAzAstnIALAAMb66xJIQtTC2rDsCD10iSQaiolqmeHLlKWVDQDTYknYW1e0SVLvw/wQEDNUKCy75E6C9nOp7C3eNhZgv6S1qmIlpYMkDQCzekamOsoPFntMp6d0IPizBbKg2B/uVoOwcxhnAlFgJk2PcZ1VUTnmZJZ+BFh6nVX26QEsTMEkxLJmqmKTLQBmUQkdSSAOguYo4UZMtKyxAHWbnwHwhIp0AhaVzz78yxOxyp/Kl/nvHKru/qW3bsAHgfLuZ1vC/px9nn1lnVgElbDJLGUlQyganU+u4g1tDX+XcBj0/WaGutTnJ5459IJMwZSSWTvt6xxrPh2oUk4z6c9PlGBrFYcmKcQzJvkVa9tA29o59dNhfHT1j1JRuMiQYRWTpnvKGUP726SDbn069I6CitXALnofl983q6aa/sjn29ZP45SpZRJlpdTgsXPWyu+jQPU31GzGBj6n9fygtm5F3OT/PlPkqlzW8WSEzA+VQL7GznzAHk+sEN1dieGox6fTtzz8uZgq9RyrZHeJ5qFGaRLULhi5Hzbci/zgWBtAKnP5/L2jf8A9eWEKn1JSDdQIGpF7W1/SAMpdsk/SZrqHEjw+pC1ZFkqDB0qA0Id/r0g2xqWHHEq5Rs3LFWL8LkzD/TNY3SFM9+thbaOrRuJ29R+MALwEBbg/hAsNw+pROcoVLAGUZre7Z+ZfV733OsZ1Vqr7H7oZHRlwTmXWinzUpAUtRH91x280c0ay8HzE49+RFraq2OVAB9pyuXTrKsyACoMopsCHfR2OnOCnU1nqMfLp937yA3qBg5x0zJDhktSfwlglmvZm5WMT+mSwZqfcfQ5BmP6h1bzrj8YnxOmny1DKlJG4J1MV4AUbWGDGq7arF5MVDFSFgKTlVyf+Me8Q6Y4yDG10+VyDxD6LETmBchJd0m4vveJWSrYPMWurG3Hcd51VkLcszFj3EdzRKfD595xtQ3mli4RmEIbkY6ydJzn6y2y1xqYk6ZkSVPFqESSBTFDaLlxTjmNSqWWqbNWEpTz+wG5PIXipYGZTCgZQAQSDdnc/wAb0gMNODS57ByrQAalW3r2iSo/wTgpavNUnKLEJF1HudB/NI0FmS/pLnTyJchOVCQgdNT3OpMbAgySZWOLOPaejBClutrS03WfTYdSwiiwEokCYzxPx1VVjgq8GV+RJN/9ytT2DDpAGcmYLEyrZwLIueZH2EVj1lYnKJJUoC5USwSNSeQETOBNoCx2qOZtHC/DEuTSIRMShcwKzqMsurMTqr82QWHq1zHLuuewkLj756DT1nTjHfuSOMyxU0uUkAS33GnL+fpHIennIHrDu1h+3JlYaE33UX1L/wDEDeu5PQ579xMDU7uvb2g0ugWlSjLmzEdAQ3a/8G8Mra6DA4J/9v8AX4TbXoygOoP5w2RInKUBnvdx5b89oxR4llmB+ggHelFzt/OKa1E6UsqStTvdL29AXAEZa11Yhhtx6RytqrECkcesKqcWSsX98Npu/T9Yqxxb5nHPr0zF0oZDgdIuXISVFS1BiGCS7A6uSN9uXezBWwZK1gfP/UaXO0YEV4rLCbhIVoxBcEF9/QfOG6TkYsfn0jKWMcCFYXVhh5iobpXf00eBnysMgRa1SScRjiFOgsZQAJuAB82fWJc1RYFOnpAVO44siykppkuYVqzEkAWu4GhLHXrEs1BfAXjEZsZHTYuPrLNRVwUCClwHBCmJca7w2urdvJYu4e/+5y3o2nKnn2n1RTSJ34a8wa6fMw9G2iKdOzbSSvpk5H0mksvq8y49+Pzn0zA2cghQI3t+4irfhtvVCD+Ei67seIoqaVUkkpJbXKeevrv/AJhR6nUgf9xwXLcMN98Ok1oWnLMD2D/4hivWIy7Lx9e8VehkbdXOanD0KBUhlHkReM30KRvrbI9O81Ve6nDcRRT0sxymahrMCmw+UYVQG4BwY3e6EZrMy3F8Smya2cqUsjzB9wrypsRoeUenoXFYnmb3PiGaJwRx5IUkIqGkL/MT+Go9z7vr8zDC2AcGB3Z6zUKdbhwXHPZubwSXJwqzu/aJJIZs2JJKhxnxvJokMTmmEeWWDc9TyT1Po8QmbRMmYPxHxDPrJmecpx8KB7qR0HPqbmMQwGJvmEcKrmeaZ+Gk8xdraD01LesUFgi+JbcPwuTTjyJAO6j7x9f0Fo0BiDJJiziPi2npEZpswJ5bknkEi5iEgSsgdZj/ABR7TKiodNODJl7rLeIR02T6OeogTWZ6TJb0lG8TUsVKVqpTkk876+sYPvMfOQzZJd1H+dtomfSTMIoaKZMVlloUTrYbcydhA3sVBljC11PYcIMmaNwXwqaZapk+UVTSCkA6ISdS+6jp0HeOZrNcAdnadzR6Hwh4hYbvbtLvTshWYunMGAAcOOZSLXe3TtCoTdhweOP57Rqwlxt64/n1jOhpipymaCom7JbcnTVg4im0viE+E/5xW20LgMvEOmYMtbOsgakaB/0hsfDrGUZPzz+g7RYatVzhYHieHLQkkK8o2Sw+duZhbUaJqgXPP87/ACh9PqFdgMc+8UeLOCQtDMQwce6oE3J3cbdIDT/xor+pxn0/7jhWpmKseR+I/aL6jGDMLZWULKJGpDBxGdQDne38+cYTSrWuSeOwhlNPSpASUgHZaWD92+8ByjDay4Pr/uAZWVsg/T/UjXQrPvEH5Rg6dweBiaGoUDiAysuZUsljsCLGJ4TQ7FsBh0hNNQINleU/S0aq2k4sOIrZa/VZ3OWEJ86W5Ft+20ZIyek0ilj5TCKbFzLS4QFosS97dG03hzTanwlKlQRMWaRbG+1g9ofTrp6lJ8FQSttDql+X+HhwUUWj/hOD6HtFX8fTn/lGR+cUf9GqJCrLdPW46Nq30hTU0snldfqOkdGqpuGccyCvxWplEKR5kaKGotvfTlrG9JeRxn/Uz4FLjDcGGU+L01X+ErMFKB8qhpY6HTSOkpSw4JIMWam/Tf8AIOgkszh/Kn8NRLaPy5awhqfhr4yvP5zdfxAM3nER4nK86ELCnHLW/Wzb3hLTo6t3GJ0a8FCy4h0nElWSsvfXp/N4YVrbMexnOsREORMOrJ+ZalHzFSie7l9o9MowJwHySYdgmFzZ8xMuWhS1nRIF+52A6kwMnJwIMibjwlwWmmQDPZa9cguhJ/8AceunTeDJVjrNAS1TpoFyYLNTKOP/AGoJl5pFIQuboV6pSen5lfQbvpFZmunzmWU1LPqpqmzTZpCpiyTchIuXPoAOwgbuFGWjVaH7I6wCNTPvP1pjPEcinBzrAPLUnsBc+kRmA6xTIEyjin2qrUVIpxlH5yyleifdHck9oEbCekwXPaZxV1K5yzMUSpR1UslR+th2jPzMzJMOohMnIQuYBmUxUToN7mzsLDcsIxbZsQsB0klk4jXInhEqkTlVLQEaOVpQHYK1BBKvKQczO+xVoyo3vnnk88DM0cHgRBQ4WpZlMARNz5FEskiX75e5Ydu0MswUZbgSgCTNKwufTUiAJQzqCfOoWCi+24F3c7Bo4usxcw5nW0+p2LsAwP5yf5iXLDEKmyiUNlUQXB221+sAq0djKQvTPfgmO2WorA57T5VIUuAyje2qvl0HIRm7TncVQDvx37SxaG5Of0kXhlIOcd25EW+m8B8J0PHaE3ByAsJosTyA+YkF2SS4HzvDR11lRwv3dRA2aXf2kv8A1bMCF3Tvta1raxoa0smLjkfdMf0pVsp1k0qulKLMlOzbH9NIPTfU5zgL2x2Mw1FiDPJgdZw9LU5TqdesVfoD1RvpCV65+jdIhxGgRJck5NOf/BEc812FiGPPoe86FNzW4xzGFBUHKCpvnr16RW8ocMOPSLW1jPlnmK00uYhygK6NcdoK1gxurP0/nUS9O71twcflFqJTWzLSAzJUP3hWwktnEc3DHQHPcT6vrynKSMyL5k20s0GpXxOO/wCkzXV1x9I1wmbKmJeQw/Mg2Lw0NMQfIc+xiV5sU4t++LK7C5ql5kDIdSbDlyD/ACgKlwSHH7Rmu+oLhuY8oalYRknHN1/zvB11fl8O/kfjELalLb6uJ5WYQmZ55RY8v8Rq3RLYN+nPHpLq1bJ5bPvlMx6jMpRmeIApBRlQRrYAKGzBtOnWL05yDuPIxx3nVpY2KFC5Bzz+n1jfCeKcwyzMqrC6Tdlaa6H11hx9S6cOMj1HWc27QbcMuR84VNwmVOOcLUpvhVz5XhL+nRgWpY/WEXXWVDYyge4mf+0bFVyagSJLAeGCo6kFb2HIsAfWOjo9OFTLTmanUEnAg3BPs/nVhExX4UneYoe8OSB8XfTvpDwBfgdIjNgpcJl4fKApkDLpMJupf9xVr+gfSAap20wDoMjoRG9HSlxKNwexktXxHIlylTVrCEp97NZv39NYPp9XXeMr19O8zfpLKThunrMS459pE2rKpcjNLkaEuy5g5W91J5aka6tDEBkSi06PiPpFGEqX/IzWvZXhnh0656h5pxZP/wCNFvqrN8hHK1tmTtHadbRVcbj3mcY5R+FUTpQDBMxQH+13T9CI6FTbkBiNq7XIl34v4cVIUZqpxMtZ1VnKnLnKWBBtoSQ/pAmXaZy2BEqU0J+AE9VBvkAT9TFbpmQVFOqxUWHI2+giw3pJmTYfSmZMTKlJC1qcJzFgSAS3qzXIvE9zJjMs2GcOlATMnnNNCgUSElmIIPmKLhQtYDXUliIRu1Y3FE+phkQDkxzWU801Mp5yXUpyMgWVSkrGfKoIdQuQQNC+mpweayG5GOvP8MKBuI/KXVPD9GmSoGYvMsJ80xTnmwDMkX2A+kZc6bwx5gpj2nrsRuFyIp4ZqFU61SkTElBLsqzXYkH5C4hKvUNn9T0nTu042A4x8poNKqUq/lCtNRc8n3jsVrUx3YGfpOPYHHric1slIBUwICTvqSfd+v1MaepAN2O38Eutj0z/AD1lVxGkyZnUCATfRzYsG5OH5xx9VQiFiRn9T3x8v2nYouL4GP8Ar3+cUVeJ+GUpZywezAdL/wA05wFtIWG4nHHSOpWGBPb84wSjxEOVN5VEW0LO/N7QKrIByOMHtFtwRhx3k2G1q5QZUwrbTN/Hi11rq2V6ekxfQlvIGPlGn9RKqAygytgf05w+bKNWPR+0S8OzTnI6RerCPDJKSbvY3vq4jn3UuOH6xpdTvEGTNWCxHZzAGQAAqIyUQjP5QtM4KAzB/rFeLvwGixQp9mRVeAypwzJJfpYiH0RvD3VNn1GJE1j1nawkErDESyMpKTsSfpYQEkseDgzTXs/JGRHIrSlhMTmBIYpB359ucdBdQV4uGR6iJeCGyazj2M6n0pUCZRST11/xC76fxDmnB/OXXYFP/JAUTJ0tXmAbnd7wsLLKG9DGWSmxfL+0mnVKD5VhK31BAJizqCDluc9eOZha3XlcjEGXw9IWSpKAOgcN3hlKXYkq3Hp/uWdfaBtYyg8R45UCt/paHzKACSEpzEr1NjZgCLm2r6R1qdKgTkczmXXtuls4W9mwCv6nEFeNOVcoN0g/3bKIYBvdGl7Q6lXr90UZyZoJIAbQCGJiU3jTjmlpBkmKzKU3kTdWUliroBzPKzwG5RYhT1h6j4ThzFeKUMufLVLWApCh9NQoHnoQY8qjvTZkdRPUMiXV4boZj83hKf8A1go0ByXUlWgKA5zEtbRuhtHpU1aNV4s87Zo3W7wu3r7esv8A7P8Agd5FYKuVlKgmTLBZwwzlaTcboYjcQG64MoZD8oxWhRtrDj9Jb8OpUS5KJaSMqEBI52DD6iOTbaGUvnrOmq7MKBM5464XnmoXUIlFUtYSbXLhABLat5RHS0upRUCOcGK30F7CyczZ63CETkKlzEhSVBiD/NesdJlDcGcAjMxvjbhebRzbP4Cj+GofPIo65h9RfmyVi7DzAMMGVP8Apio7k/zeIHkzCKVXgrQsKAUlSVAJvdJBDnuOcQnMmZd6SWqokS1+KZXiCYZhCU5lqQcoRmUdCRmUWJ8w2FlGFYchh9e37w6AsBiN6anlSAmVmcoc5yolRzMVBJAGRJIFks7AlzCjeLY3UbR27fX3nep06VIODu/KSy8ep8pNQpSEh/KFBRV6AOO/QxSaNGz1J9v0hnL14Ix/qJ18UyPF/wDTDwtA6hmHma5Kh09Gjf8ATWgg4AHpnM149bDDsSfuhZ4yUtPhDwyQXC2UAW38oftptFmkhQo457dZgBA5IOeO8iPFlQpIQlaRqpmdWdLqc5nty+ZcCGaxtXH1+olqlW7cev6RtNxMzxLljy6WJ1V+rkkvbX0jn3s1lmB0/n/cIq+EGcdYJhSBM94HOkgF+XOB6pGyNp4PaD0mtNle1u0YYrJyy86piUqTZs12YslvWHE0zikBz9IBviiVuQq5H6wCmqQsPnzAbAjprHLsrKHBnRpuW1dy94zpaZczMqWWypuCbZeXq/3gmlNjHAH2R+EzbdXUu1x1P4w/CsctlWXaznW1t4c/q2Q7XGR+MX1Oi53J3hFdLlrDpIhHVpU3mrMxQ9iHBiaenI4u7O1+fSMUaZ7AST0EbN46nH4TqlxdKZRmNlKSkEE3OYsG5ixPpBaaWRiUbp3/AEnP1OorIyDkdI8ppyZ0sFYyuTcXsN7Xhp3qswH8reo/WAqZ8bh90+Xhs0FORWZF93PzMVZpbtg28j1BjC31EHcMGV3F6VRXlUqagg2yk/pC6O9XYAidTTsoXcACPeGSaqdLQhA84CmIWxJQwsDrrm3LWgx1aNXhgM56HmLNVXY5c8cduOf5iHCXJyGYE5CLqvpFNUj1+IBiLNfYG2E5ifAqyqrZkwU0vw5AOT+pXpaxKEN5y7jVt+kdbS6MhATOfdeM4ly4f4bkUaT4SXWq8yaq61nUknvsLR01UL0iRYkw2srEy0lSlAAc40SBLVS3SY9xr7VMxVJoi+oM3UDbyj4j107xg5PWEG1eB1mW18idmM2fLmjMXzTEqGYnS6heLVlPAMplb7TAzS/Z/jZm0olKPnk5U95Z9xXoxT6DnHA+JafZZvHQ/nO98Ku3psPUflLhhE9BmJSlBCswzFWpSSzjp0gNbY2gDr1j+qrbYWY9uMflG2UglIUxAzAbGMKrrlc4PURHIIDY4PEDwaQhPnVd1KIB2Ytp6QPTFFIZ+YbVs7eReOBIOIMRHipGzGLut32bhC6LTHwjNBQkR66ePkOIYfLnS1S5qAtCtQdP+esZZQwwZRGZjvHHs/nSXXJBmSNWA8yOhA94dfnzhJ6jWcjpBFSJW8C4bMzzLOSWCylFiX/KP7vt9CrqNQK1z1P86xvR6J9S2B0lvkSqWRLL3QjzBJLnMphmUrYnKB6Rzs3WENiehTS10rhQB7nrEGJ8ayZqSkSh4STmKG95QtdQOl9tecO06W1WBY/Tt90H49QU7c59ZX0zpa3UrMVquk2G7kbufUa7lodw2cRckEZjMcNTJkrNLKcrBWVwPNoTrez36Qs2o8N9rCWa9y5WJFy1aCcoMGyKUoMx0GWx0f0hneB0H1gArEcn6Rvh0mUZZTPEyZMLGWmV53BDjygDo5CrPoWtbKWBI495AwT7XP6RjLw4UkySZgKPEWAhKbMli5JBuXKQ3eAeIGU7hyOv7QV9xQjwzxH02tTlAFw+UhxYEHX5G3blHOFHIK9YQOirlv8ALr+09q8HRMIJmJKVJZkkkkghI95tcpJL/tB23Bv9SkagoV2jPr+siwvC00q0qmA+Hmyqu4I+I21YF7Ruxl/zEX028WbazgmWiXQFEwKTMV4bjyv5SHY/Qm/PeFi+D7Q11nict1/naLMbqESZiQtN5imf1YHsYRNLu5xGqdfgrW3T1nyK7IMxSfDfK99f5sINXpHYeYRq3UUAA7xmQY0iSSCSULLsoAMoD4VXuNLwWih8le3vObrDWQCevqIwosMCkBB0DO7F3DghrgMQX6mBXJ4Z2CapVWXkcD8feHUWWWAkAhIdhe1/8wq2c5Md2ALhYbLrlI935QWnVWU/YP0g3pR+sZyqtMwXAc6x2kvrvTkRJq2rbgxDjykSgPKVLVZEtAdSlckj+NvHO/og7gLGl1BVcmS4NwuuYgGtsCc3gJNjyEwjVvygtzJ0juUaNUA3dpz7dQWPllsSkJSEpASkBgAGAA2AEPRWVfjDjSnoUOtYzF8qBdSuw/U2jBY9FhQgHLTBuMONaiuLKOSWdJaTttmPxE/IWtFKvczTOcYHGZWkkggJJBBzFQ2I0Ibl940feZ6HAljwvjWegkTz48g2Uibdx0J372hOzRoeU4PtHK9c4Pn5WXTgXDKeXV/1klRVTTJakhB1RMKkHIp9gASH3A6OrbqsJsuXkH7/AHjlWk3t4tB4Il6q5oUSqXdSQ9tgbfpHNuO7zJH60KjbZ0MCra1WZKiFA5QC4Oohe3c3J9IzTSu0gEdYNLrDZjt/yYBtJhjSO8gqKQKHiFYXaxGnXvpDAUIMSxaVOwDE0wLI1j2M8HJ5c2JJBMcxZFPKMxZ6Acz2hTWag015Xr2/ntGtJpm1Fm0dO8ybH+Iky7iWk+8pAZKRLXlVceXmXI5l45mlSw8uevM7uUoQqnA6cd/nFeMylzKaQFySCsGpmkkl0JZEpKlFtlEsLgW3jofZXP3RQne+Ow6wOolSCjOqjQnxPcKJjuXZyNhb/EALFTt3ciaG0jO0YMRVcwSz5k3QWA2B2DXtBl83IMDYf/KTYPVLz+K5KXylAVlzEizcgCxfT0iOF4BEpCxyQTCpWGkAOrzMSpKjo17ahRZz6QKy1ce3tC11EHmdU07wpktYFwNA4uU36E9unOCspZNoi5wGO6M6zFptYMkwACUGSSAFy8xF2bchIB7QEhkA3HP5QTVBvsDAhVChpSZbuBmnKUm5yhTEA6AhN7725QA5ZsjtF7E7GdidLVOSlBJDDKpiSqwABZg/yGsWPLlj0gsDOIrmY6vxR4mVVgDKCjZIvYE3UHgr07hkTdZ2NmXfAMZQuUEhaUKzZQmYCC5BKU3cMQnc9OpTGmKHqP8AcNZZvGe8AxQzlyxMn06kTKeYpQKtCnJmYaOLAghwPWGEDKvmEVPIivD0TZyxlSVS1K85OgAuVdtuZu0b3nBl7Y1UpBCmQpYSEeGGcAZ3Ug/ELb7abQsLXC4I5hqUVmwx4neN434SymXMyS0ABwCpXlSEhvROsX4W5t82Ltq7IywTGkTQEupS2clmtzgB0ZYnIx+UOupAAGcxjX1cuWgqWoADd4AaPLjHP4xhXycgxDw4rEKyoM2SEyaMMErmoJz81IAIUX5k5W56R2dLoQtYz1iV2oy3HSaRQYZLlEqAzTFe9MUxUenJI/tDCH66Vr6RV7GbrCKioSkEqLNBCZkAmZJxv7WEpzSaNlqHvTdUJ/2/nP073ijzCqApmOVlYuctU2aorUTcqLknYdomMDAlE7juMHKm8x1P8eLlZ7954R8I1Ov7en80ipWOwncqXmIA0H8eJ0m1Xe20S3cHYgZE4INpU0hCxycslXcEj0eEdXSLU9xOzpHNLcdJplHVeETLUDmcF+aUgmOHjAnbtq8UB16fqYNScSBSilVnNotlcDMp9KB0izHsUIWsANZhba36xpKt2CZ0dJp18MMYPguJBFNkUdVKP/jZ/wBYrUVlrPLB3put8SbnMlg6x6mfOYJMTkcvYXJ2AHOKJxzNKpJwJnHGeJiarxUqCwlJMtLkAgM/q6g4LaoHfnOnjNuP0z6Tu0f/AK6bMc9/n+0zillqnzESybqU5JLhINyonQWck9oIRgACCJLMcxhxPPC0GRLneJKCxlSgslRSLunMXAG7ZQeZi1sIOF6SWIrjLdYhwyvWVZCjMlPmSMygAGI2sALa8usVYq43d4Kp33bewnc+k8ZilIShPvLdXnJfTMSNjtFBwg5+6bZCx9vWW/C6FNPKzpQhU1SAElbEALY51E7hOw5iFDZufD/dNbwxFdfbqYAJwQgqUoEJUsJLDzO2Y8yLAD9ozYGbCLA6m5kbav1MAmTvESkBJRmUySbXPuqtpc/eGKwyt1zIHL1+brIMDkmbOlSkzVjMQFAuWAuft+sGfOCSILdt6GaBWU0hQTJlHLMSgAEB0rIUc4I1vZz+0KAqw4izsWiESlJmTFTAWBZSHAQXHlCQLgDfpGX5XEx35gdVWIWoLWEkpCUjLzFwH6ch842m4DEmQTI5GJePUCdOmhGUZVDKSFgEhycwykhgwB7Qaw5GMfWXnJlmn46MqZMwhNOoJVKmE2IuLNoA7HrrAwh24Ep/aIKzHQVCTKWcpLBaSwsd02zC76vyiLV1zKU9pIcR8FFkpCySoLdRzsLID7cwQ4jLIcy4NU40jwxOCEpBPhk+Z0L1azhlaiz7QVajniXgYyYy4exxKZavDpkBQZIB8RSypQJSfesCQzbRsKR7yiPSXHCuHhNUmor8q5limSLSkNp5T7x6q+W8NJUM7jJuwMCXeTVA2g8xFHFHF1PRS885YB+FIupR5Ab/AGiiZoL6zB+NOPqiudLmXJOktJuRzWd35ad9Ynebzgcd5VZFMVqEtIvqo7Bv0H3g2noe99idYK61aUy389hNJwL2ey5kp5zpGW2y3I94j4Rvl+cP316epPDQZbu3+otU1lj724XsP9yh47gU+lX+MggE/hrA8q+RB6DbXSOWRjiO/wDsYvTLYX1P2/z9u8VJjA9z/Pxjako8o6nX9oCzZM6mno2Lz1MOpJajMQEWUVpykfmzBiPVoG58pjiqMzY6+hHkUrUBT9QUqBjhFdgAMdpuPKjpx+YmZ1mZIK/hKikdxc25XENLg8e07bbd23vJJdYZiClXmy3HNtxGCm05EwvkbjoZKilUo5tBy2bYdoGWAGJl/Nxmbfw3xNT1yHlKZYHnlqspPpuOotHowcz59bS1Z56SDjKrQinWhcxMvMwUVEBkEjNruQ4HUwO0bhthdIdtgfGcdPn2mRcR4tLmhEumHlZlLU7amwfXVz1gBwes6a7gT0JPeIZ0jwpc2W48acQlOb3imxOhASktu78osEdTFrOPKveG0HDhC3mFISoZpkwFLISNUtsbWA1t1gTNke0IiZbGOTPaXDQtSykmVIS41IUsMxKmbUHTS7QPccYHWNFVXjHEExjEEKIkSGAsnNsBv3jddIHJitluTgSPGMSHhoSgq8NKcrnmkkFzzsLRmurDse5iw2jPrDDMXLRJXUAIJTZJbME5yrMUtZ3sOkU6ZYqsD4jBgBIcYUtBlzTKKUKdUsKsVlLAKN3DWN4IleOIY2gxTh+HqDzXLhL6GxcO3Uc43a6425gGpdlLCWzG50kU6V5gAE2JV5iWd3F8zxzqg/ibMRY5lakYqmd4ZmB2LnV2BuLbbnnDrUsmcTROZNVTFIUgy1MCpSxYMHbbtaMoM/a6zI6z5dbLVORMEpGVLZgs2BFyqxt6RaqwXBMuODPlTpIZBWnOtaRm+FTAgEl7FP1gRJQ4zKzxE0pCErysxOZgFW5gHrrpygoYkZkzDZUxKkMXBD+Qa+hcD1tEPWWDmMcJzzAZaUMCfNcEAaDbVhq0aQMTxNS9YLKEqdlShpeRw6GIci2YW2Ntd4YRSrSE8SyKkIId2EMTOJnfFvtLlyCZNG0yboZh9xH/AMiPl12iZ4m9vOJkWI4hMqJips5alndSjftyHYWETpJnceegheDYHOqVDKkl9ABfv0A5m0PUaFnXe52r6nv8hFn1IViF5b0mt8KcDy6YBcxlL1bUA8z+Y/QQd9Qla+HQMDue5g1pZ2328nsOwltnUzJKja2kIM8bVYXQ0EqpkqlTkJWg6pUHH86wOWeJnvFHsiVLWZ1IStGvhKNxyyq3A5G/Uxls44hqGTxA1ko0+mUglKkqSoWIIYg9RC07q4IyJ7STzKWiYlnSpKg+hyl2+kZZQwwYVV7iawcURUUonoNspBG6VaFJjkaqsgjM1plxbtlAn0ep9fnG907b27jBKJwv3ecXZys3tBWOJ9UmXLK1kJA5wBKy5wsUuuSoFmPEk4foPDV/WzFqly5SgAyiFTJhIZAIuxcPzFu3dLYnnbVz5TIuKJ9XWLCp48JEwkSgo2VlSFZiXYpSFEdC9ncxgOT0gRUAMeksXDXByitTjKhIQleVi5sosTsW1DRFqZz5oO28KBiJJGCyVYrWzFKHhU5uGFllLJ+TEu2xgjqANvaBqy5yOsQY3iB8MzJYPgZmClEedYt5RuA+sJLXubDdfT0nRNqouU+/1iKbWrWgZ15UsTYFhdr3uqz/AChla1XpzFGtZxljiRzVLlgIUCnMkKANiQRZTbAxsAE5gPEGMCWLgihShKqmYpTOyJaSQFKGpJ3ZxpArXUdYCx8dIbXUS59WgTAypxS5dyEgE69AIHW6uMrA5J6yw4nRyJs8BgfCQEOTaxJblvCuqtdfKpnU+HoCpYjPMGqzJlS1TFkMA4hOkPY2I7fYFEzudNM1CpyEBSxNypsTYuzDR9No7ips8pPGJw7H3HMXoUBNCZqyAD+IpIBY7geoZ42R5cqPlBw2fXIJUEElCW8yg1v3gS1MOW6ySKmpQpSJjvKzhMzoOZ6GNlsAr37Sj0jviDEwlmDHKyAOsAqqDH85kCB01GohB0nIVmW5uU2Yt0uIK3GR2ly34Lwh/VBM2cMqBfKDdR6kaDpG6a8S5o2D4MiUkJQgJA0ADQwBLnXEGO09FLzz1gck6qUeQG8XLxMV4w9oM+sdKHkyLgIB8yuqiNugt3iYzNA7RmU+TKUfKkEqOw2H8/l4JXW9jbUGTBu61rljLxwrwFMnMuZ5UaudD2G/27x0U09WmO67zN/4joPnFWte7y18L6/6mn4Zh0unGWWyU/Eo6nqTAr9S1vmcw9OnCcKJBX8VSpVkec89v8xy7dUBwJ16Phrv9riJKji6fNsMqU9v8wm2rftOtX8IqHLZheC8ZTpLghKujH+c4yNXYJt/g1DdCRLrgnGkmcwX+Grrp/iD16tW4bicnVfCLaeV5EN4g4XpqxP4iPM3lmJsodjy6FxDRUETn1X2VHg/SZLxVwBU0oKpYM6V+ZI8wHVI+4fsIE1ZE7NGuRxtPBlYo8TmyUrTLUwW2YM4caet4XspWzG6Pq+3zL1kZxmaPyn0jH9Kkh1FwPafS8eUC5QLcj/iMHRg9DNDXOOqxHjOIzKhYCj5U3yjT/mHKKFqHE8/8Q1L3PtPQS9YliM2YECYpIRKCsiEIygFW9ySVX1BDX5xgJnidR61qzY5kPEOMKmS6dKW8OVKVKCdzmCcxctezetoJWr7ypE51tlezxAep6SPhTjafh6gkOuWW/DXZhf3ToNmTp2hjA7RJskebqegjWXlOEVM2RMSqcozZtQARZU2yh5jcJGh6EjWKz6ysFQQJWOLKMIRQS0gn/06TezqmMSAB3gHAziMkMdpM8PDRCAFKNi7ANvvzgItz2hHqGMEzlOGqUcvikj/AAzOL84mfQQIrAjGoxbJlSsZikMNbMzD6QE0s2cmbtCOBPabEJxV/UKYKAUkAaMXA7NYvrGVrFYwvSCKhVxiTyaiYoeVY8RrAktyzWDvGfCVjGF1RC4USv8AEBqFgoWnyOCSwSLciov8/lDVSKnIHMUtud+DFVFVGUlsruSQXgzANF8x1hdTSIQZs+UVziTYpdKb2YaEnVzC1q2k7UPEgIiqvPiqJSkS5bkpSA1zqWEGrGwcnJmS0YcK04SucTcCQtRB0UQUtb1MD1OWUAes2hyZYeEPZ5VVyxUz/wAGW4IzDzEDQAHQd4aSsKuBKmr4NwNS04OWXnWQypi/Mo9L6DoI3tGMSQqmwOTTFSkeUG5BNg3LlFLWq9JMShcZ+1SXKzSaNpky4K/gSf8A3HtaNzQExzFMSm1EwzJ0wrVuo/psB0EV0l9TiF4NgE6pWAhBbtt/N4ep0Lsu9/Kvqf0EWs1KhsDk+g/WalgPBkumTmWy5mrbA9ef2hn+qSpfDoGB3PcwQoZ232nJ9OwjufjISyB5pjWSP8aRyL9QK/edJKSE3EcSrY7VzpiwkFRBAOVINidiOnWOYdSbOvE7nw9KfD3nAk9XSy8qc6QleUIYWGYgeY84R3uGImKdZYHbZyoOfpOZWBTEMPKSpOYB75b+btYfONkk9p1B8V02MmcU8lCZuSaVpI6AgmLXmOeN4tW+rBENSqQnMVBTm4YhPoBo8F2r3gS1xwFIln4N4qSkeHMJyfCTqnoeY7aQzp7gvlPScf4l8OYneg57+80FBCg4YpI12Ih8GefIIODMr9quH0EsZkpH9Ws+VKCzv8SgLEddYf0WhF7bnHlHUzTfEraF2g/tMorZJlrKVMCwcDZ4R1S1raRX0nZ0dz2UhrOpgdTOypJ+Q67QADJhtRcKkz37Rjw1hYKQtYJJJvq5/wAfvBGnCXnkxuqerVTEaAfc/wAEGVQnCw917XDfb07ASGfq7OrQJG3Qjts3eK7cffMN9ob+T2X0+cXTwzt5lqvyYak21PVrRRx9JXIPq5/D9/wEacCSUqNYkJSR4BCyVAC4UzD4mO7bdoWvzkGH04Ubl6+sY8BVdMmqSqtmAKEsS5Klg5QQw942FiW01MXXgmZuJAxLrjVGAqwcHQi7jnBNggN5glHgXiapYRNolbyIg4h9nU4AqlKK06sbqH7iM7SJrfmNOF8PUKRpyUlSV5Ga+Rhry1Mc6+ra+8R+m3euwzydwxKzBUsm2g5esZLHHBkCKDyIPiHDMuanzvm5vD9LFkGYhcoDHEqVZwkpKrEkDS33jRU9oAiCTcMUj3kkctwYAxx1gjGOBcKz6tTSpZy7rPuj1/QOYtVZukgGZrnCvs8p6VlrHizWupQsOgGg+8MrWB1mwMS4FgOQgkuVjizjWmokPMWM3wpF1HsP1iTWO8wrjD2gVFa6XMuSdJYOo5qO/bTvElg4EqtPTLX5UJJJ+nSDU6ey44QZgrLVqGWM0PhX2eLIEydYasdfQH7mOii0aTk+Z/wH+4oTZeMDyr+Jl9p1yaaWwAQBrzJ+5hPV6lmO6wxzS6b/ABQStYzxOVOmVYc45dmqz9md3T/DT1eCcPTUpWVKU5IcuSwvra7xzrWyctA/EiFxXiHYriqJBzArJWkhm1BHOFVU3sQvQd4jRQ1nfAiWhqFkmdNQooCWSVXuNBB70YqAh5h2v8OvwUP1hxxpYzTRbMGY6lPLt2gdVbL5cxMAk4g1Rj5m5ClKU5Lqe7k2c7w0KyJ3vhytUWVhwYpmzFLUSSSCQTyc7xvoJ6Gl1jJKpkpBYhrZTZ7wMLkjEIWrc5P1llwzjSoRJNNIZS9Ss3EoHUdS/wB49RpPh3g1h9QfkveeA+LauuzUEUfU9pR8QxYS58wqJmTXDrVclW/blDGp1wCbR9AIhp9GzvlvvMrc+pKlFRLklyescE8nJnfDBeB2gwOeYBsPuf59I2vAiWos3vj0lokVnhJCEbCzHQ84qDziFoxSxKyQo6AsoC2tw46CC8dB9YXdgeK/X/Een7TiYyvKMuYi7Fteh35l/wBYvr8hKAZTj/Nvwz+p/KLayW/lSpkAeYnQ9e2jD94znufpJt/+tDx/kf52H4md8P1JlLVohExJllWVze6WPPNlJ2tAr03L7zdD4Y44Xp/P5xA8SoGQFKtc+V3sSbnk8DqfnEu5MjcYfw9xZUUZCSfElj/6SthySfh7faGcekXOR9r7punCGOUtbLeQoBYHnlqspJ6j9YkwwIljElokzAqzCULcsx5jfvGGQN1m1cr0ldq8KVLNtIWOlEaGpyOYvWNmg6ptGBF2bccxjhmHZtRGwJgx2jhySoMuWkg6uNYsgGYjenkJlpCUJCQLAANFyQfEMSlyUlS1BIGpJaJLAzMc409rZUVSqLsZp0HVI37/AHipoYmT1lWqasrmKUtRuSouTFyE5lk4K4W/rUzlhXmlFDI6KN1HoADbpDek8ENm3kekBebCPJNXwLAJMjRDqZgT05DaGb9W7javA9BA1adVO48n1MaYnVJkyzMmFgNBuTsI51loQZM6FFDWttEzDE8RXULKjYbJ5Ry7LCxy09TpdGtYwonNMlPxGAEx9qyBxPcMWETCSfKXHpGb9xTC9Zz9XozdWcDkRti9TnBSpLMNmtaFKqdh3d55FiynEmw2pWZbhlJQkltXPbkIabMrk8RFi+JFTeXLyJGoMarT1jWloNjY7ROzB+cMd8T0taYGIzwiqWiWtglKTqtQcvyHOGKdLZqH21j9pnUaiqgb7D0ns9Klp8RaiiWSBmOpfkNhHpNLpdPov/Z/X0nldd8Vv1Q2p5U/OLsT4gEqX4NNb8y9ztCGs1bWP1labTCtcmVhUzclzHPju7EjXNYRAJlrCBJqG1940YsI1pVvvZ37RU0I5moS4Cpfns2SwG+1urQXt7esPtIYbhluw9PnA10yfMETHUoMSdhv5hq/NoyentL2kFgDlj19B68/hBJkqZZKbpFyXzDuW0AvF5PUwe3I8NPqe2f9CcJngkqI8ibAOxPRuZZz/wARX5yeVz/6D8f3MM/6kTLUFZTnTkDpu1+X5SR1jHhLuGJs3MyFm78D+e0XmXkQAbrOpF9fq5eNwRG3/wDo/h+8Fpq1cmYlciYULTfOksR07feKmcYO0de82Tgb2vJmNJrxkOgnD3T/ALh8J66donTrIE3Z2zVpakqSFIUFJNwRcNFwZBE5XKBDERJIAvCg7hm6xJIdIp0pGkSSdzZoAcmJKlH4x9okikBSDnm7ITr68hFE4hUrJmGcV8V1FYr8Rfle0tL5R+56mKHPJlvx5RK+o/CPWLmD/wCInJPyiSpZuA+LDh89S8meWtIQtO7AuCOovFg4km+YFiNLWyxMplpJa6dweRGoMa3EyYxEXE9PmqqaXOB8IqIULsSRaFb/ALS56Tq6E4RyvWVfGuG5lMVFQARnKU3u2oLcmhK1GU8z0uh1NdwAXrjmK/A8pIN+UCzzOgRz0g8gElo00zaoAkdROX72bMVOluQGnaNBE6TzGr+Gh3ys9wtZAWnMUnwy1zc6kRdnYiJX/D7K6umeYsqKtSsrkkDrBUTEJoqWQEsJNQIL3BY7bn9o6+k+FPcNz+VfX1+UzrPi1en8o5b0jbDqULIXNICEXCX8ovv8o7DvVpatlP39555rLtZZus6ekV8VcQImjw5YdIN1ndtkjYdY4dl7NwJ066VXmVYmAQpnChEmCJFqY0Is5yZNLW14qVJ5M5rxJJbE15AJUixt5Dc9OcFI6DqY0lhwz9F9up+v6yJa5SkpzEIe+VrnqT9orqZZIFYz5Qew5J+f6TiZSAnKFsB8CS553be+sV7y2XJ2E4HoOSYPOkq1WAR8KBr+/rE+Uyw4y4wOyj+fjIFhIIVMBSoaIF7Dm+gvFewlNxhn49BB50lTk5nWdBuOveL9pggqSx+0e38/CAmnIOTc6/tE95naR5B1PWHS5Nm0H36wItmdFKdq47SycJ8Y1NAR4a88p7ylu3/j+X7dIgOJh6Qw5m28KcZ01enyKyTR70tViP3HUQQHMRspZPlLCotFwUUY1xBKp0FcxYSBuTEmlQsZjXGHtNmz3l0zy0aZ/iI6DaMFvSMLUBM4nztSSSo3JOp7xAMyO4UQZ2udTGov057znTuYkrpPW2iSY7CSS5TnoIuWBk47RnhVXNkLE6UtSFJ0yln6HmO8T2lj/wAj0mtcLe0uXPSmVXoSlTsmZ8JPP+2KIB4M0pK+YcR5xfgC56TPlHxbJbKdEi+mh1hLUUsTuHM73wr4jXVit+JXcMwM1KZiVvLnJAyW8qgAzNztC9dYbPrO1frhpypXzKevqP2lVqZRQSlQIIsR1iDnrOuAjqGHIkOeJtEwaUHaRkE6QWml7W2IMmLal6qqyz4AnlJRFSmQHVsToI9TpPhqaYeJqOT2E8D8S+MC0+Fpfv8A9RxiHhUsoutlqDPqonoIHqNeSeenpEKdH37nvKHU1aiMrnLyf7845tt7WHmPpUtQwIKpUBmyZy8SVOJqtucWBBWNgYnqBFwInrRUk9SYkksf9PMBdwpCR37C93JgmcfMxgAOf/Vf5+MHVVarmILk2fR+d+UTH+Mgc5NzD5fz2niGA8qvOsc7gH9TE4J9hKBNa8fab8B+8lSuYlkIUCRdSjz78hE68mX5gRWnXuf56TtFXcqKWAF1a/J7OYojAm1YFyR0Hc/zvOqeSJiSUeUksVE35lm+8ZZgOsPptO9ylqvqT+kKl4cEDykK5vAWs3Traf4cKRxyfWcrpeafURnMMdOO4kEykGx9DaLzANpsjiQpkLQoLSVJULhSSxHqI1mLNQTLHK9otelIQVpW1gSL+rRYJijadfSVbGMXnVC805ZUeWw7CLzMhdvAiycthFgQVrhRmCs1zqdP3jXtFeg3HvPgg9yYuVjHzkyaa7b79ImJe3naOsll0myS53MXJj/FZMmkOidNztE6cywufKv1M9KXLD3Rv9zE6dZZG47V6CdImOXI8qR/B6xOknDHJ6CWLhbjeooyVBZMv/tq0J5DlE6cCWPMC7TUcLx+jxRACVGTP1Z2LjccxAbaVf5xnS6uzTnI5HoZVeIeFqmUskpMwE2Um79+sJGpk4Ins9F8X01yYztPoYgFMxZZytYjd+TR09J8KuvwzDC+sT+J/wD5BptIpwdzegjCjwvMxUGTsnc9THc8SnRrsoHPczwt+p1PxBt9xwvZYkxXGfBWUoKSoKLAaJs1zuekc+/WFhgdYSrSqhyfulYq6pUxRUtRUo7mOeY78oOVRJnOZ48XKzOSYkySJyjnGoAnJzOyqKxJOkCJJC6aW/KKkhYxMuEnQa7X1Mbz3hj2r++ToxIKJUoeVLMnUdB+8ToPcze5Xbcfsr0E+/DUM5AzK0Yt6/o0T2Ezu4NrdT0kZo2GVCzmOoP2i+vylYKjaPtGcrlzARLFwNSOe57RWf8AIzRrLEUL9YyTPSAAwtaFzknM9PUqVVhBJQobFuxioUEAZknjK5giM4E14hAnvjAjzCLxMhw45E4VkNhaK5mSE6AziZSPuDF5mDpiYtrKcJDkNG1yZztQiVqS3EUTZT+Y2TBQMTjsd53HpOBJPvEW2/SL9pjHO49O0nkgpGYi50/UxOvEseVdx6mEZwkANc6/tF9ZD5FwOpkhSn3E6n3v5yie8sjGK16956pDnKlTJGp/WJ05Msjedi9BPHzHTyDl/NTEzj5ycOcDhROFTEqcnypG36d4nT5ygQ/sonM1IICnGUWAH2/zE6fOQ+YbjwokSVqSoTHKSC6SCxDaM0V7Sup3np2mqcE+1E5PDrRoPLMbXuOfWJuAm1pawZAiDHMZp1TlrQQAolRV67R0RrTswTF20Q35xz6xLjfFS5g8OU6Ebn4leuwjnvYWMbVQolbKoHLzODFzM8MSUeJ48SZnKjtFiDc9p6IuYnYRFZlydEpokkKkljeKkE8rffV/5Rv/ABh3/utA/g/8h9oh6zC/2T84QdUdh94g7yN0SMsO/wBQ/wDl/wDyYn+ENV/8n+ekLwrftGbfsiMfCf8A5BnNbtARO9fIJWnrEmR0EJk6H0ipmEL90RISv+2YOvWJBN9oSWRrFGNDr9IFieqYNV0nnNf9sfOA1/wxtYpqO09n+8jsIi95qzqs7qve+UWvQwd/2hI5n+p6iJ/jLb+8PpI5XvK7KjJ6S6v7h+s9pPcV6Ro9RB1fYaTn/TP+4RZ+1In9kzif/pjuYofaln+0PnBJ2ifWJ3ks/trJqv4f9oiJ3l3f4wwaQA9Z2K/sCCztYsQVkEXGoq0iMXBTwxJU+MSQzmJMzhGsagG6ztOsSQQhEZlwlOkSSdCJJP/Z"
61;Sirop d'érable;29;2;24 - 500 ml bottles;28.5;;http://vivuhanoi.com/wp-content/uploads/2015/12/tra-tao-bac-ha.jpg
62;Tarte au sucre;29;3;48 pies;49.3;;https://fans.com.vn/wp-content/uploads/2018/11/b%C3%A1n.jpg
63;Vegie-spread;7;2;15 - 625 g jars;43.9;;https://www.noccoffee.com/images/13062110_1759596780923303_781204263892398364_n.jpg
64;Wimmers gute Semmelknödel;12;5;20 bags x 4 pieces;33.25;;http://maylambanhmi.net/wp-content/uploads/2016/04/cach-lam-banh-mi-ngot-nhan-dua-10.jpg
65;Louisiana Fiery Hot Pepper Sauce;2;2;32 - 8 oz bottles;21.05;;https://images.foody.vn/res/g32/315544/s/foody-dong-lan-cafe-873-636203556556143950.jpg
66;Louisiana Hot Spiced Okra;2;2;24 - 8 oz jars;17;;https://file.hstatic.net/1000044340/file/tra_dau_hoa_lai_cfe43a8605c24fedb289db57646e52e1_grande.jpg
67;Laughing Lumberjack Lager;16;1;24 - 12 oz bottles;14;;https://vietblend.vn/wp-content/uploads/2018/12/cappuccino.jpg
68;Scottish Longbreads;8;3;10 boxes x 8 pieces;12.5;;https://blog.beemart.vn/wp-content/uploads/2015/04/cac-mon-banh-ngon-cho-be-voi-cach-lam-don-gian-1.jpg
70;Outback Lager;7;1;24 - 355 ml bottles;15;;https://huehomestay.net/wp-content/uploads/2018/05/diem-mat-nhung-quan-cafe-o-hue-nhat-dinh-phai-ghe6.jpg
73;Röd Kaviar;17;8;24 - 150 g jars;15;;http://giadinh.mediacdn.vn/2018/9/15/photo-0-1537004506793392480755.jpg
74;Longlife Tofu;4;7;5 kg pkg.;10;;https://lh3.googleusercontent.com/BjFgY4Kc-xRGo-3DEheScMPjvm02VDdpsZ5DQ7V2-yIEA3P9aXmoNTEOz5b82uteL28sCd7Bl_9SJhpXFn_FJH0HnZbKGsGwaon8MqvNzM0ahwxgVaZBdRph1G-O_7wTHcfvtfw8L4s-f9Xe
75;Rhönbräu Klosterbier;12;1;24 - 0.5 l bottles;7.75;;https://product.hstatic.net/1000347095/product/cafephin_master.jpg
76;Lakkalikööri;23;1;500 ml;18;;https://www.posapp.vn/wp-content/uploads/2017/11/cc.jpg
77;Original Frankfurter grüne Soße;12;2;12 boxes;13;;https://image-us.24h.com.vn/upload/2-2018/images/2018-04-26/1524730023-47-_mg_6389-1524729202-width650height433.jpg
